ID,NOMBRE,MARCA,PRECIO,CARACTERISTICAS
1,Alimento para perros,Pedigree,15.26,Sabor delicioso | Nutrición equilibrada | Contiene vitaminas y minerales
2,Alimento para gatos,Purina ONE,11.74,Alta calidad | Proteínas de primera | Promueve un pelaje saludable
3,Juguete para perros,Kong,18.21,Duradero | Ideal para masticadores agresivos
4,Arenero para gatos,Arm & Hammer,23.49,Control de olores | Fácil de limpiar
5,Correa para perros,Flexi,29.37,Extensible | Mango ergonómico | Cinta reflectante
6,Cama para perros,Aspen Pet,35.24,Material suave | Lavable a máquina | Cómoda y acogedora
7,Juguete para gatos,Frolicat,23.49,Juguete interactivo | Movimientos impredecibles | Mantiene a los gatos activos
8,Acuario,Tetra,46.99,10 galones | Filtro incorporado | Ideal para peces tropicales
9,Alimento para perros,Pro Plan,21.73,Ingredientes naturales | Alta digestibilidad | Para todas las etapas de vida
10,Correa para perros,Halti,17.61,Control de tirones | Ajustable | Cómoda para el perro y el dueño
11,Alimento para gatos,Science Diet,19.97,Fórmula equilibrada | Control de peso | Promueve la salud urinaria
12,Cama para gatos,PetFusion,41.12,Diseño elegante | Material duradero | Fácil de limpiar
13,Juguete para perros,Nylabone,11.74,Resistente a la masticación | Ayuda a la higiene dental
14,Arenero para gatos,Purina Tidy Cats,15.26,Sistema todo en uno | Bandeja removible | Fácil de mantener
15,Alimento para perros,Blue Buffalo,25.84,Ingredientes naturales | Sin granos | Para razas pequeñas
16,Transportadora para gatos,Sherpa,38.76,Aprobada por aerolíneas | Cómoda y segura | Ventilación adecuada
17,Juguete para gatos,Cat Dancer,7.04,Juguete interactivo | Atrae la atención de los gatos | Horas de diversión
18,Alimento para perros,Iams,17.04,Control de peso | Proteínas de calidad | Sabor delicioso
19,Arenero para gatos,Litter Genie,23.49,Fácil eliminación de desechos | Control de olores | Práctico y conveniente
20,Correa para perros,Ruffwear,32.89,Resistente al agua | Ideal para actividades al aire libre | Cómoda para el perro y el dueño
21,Cama para perros,Kuranda,82.24,Elevada | Duradera | Fácil de limpiar
22,Alimento para gatos,Wellness,26.44,Ingredientes naturales | Alta calidad | Promueve la salud digestiva | Sin granos
23,Juguete para perros,Chuckit!,10.57,Resistente | Ideal para juegos de lanzamiento
24,Corral para mascotas,MidWest Homes for Pets,46.99,Plegable | Fácil de transportar | Espacioso
25,Alimento para perros,Nutro,21.14,Ingredientes de calidad | Sin conservantes artificiales | Salud digestiva
26,Rascador para gatos,GoPetClub,58.74,Área de juego y descanso | Poste para rascar | Incluye juguetes colgantes
27,Juguete interactivo para perros,Kong Wobbler,17.61,Dispensador de alimentos | Mantiene a los perros entretenidos
28,Comedero para mascotas,Bergan,9.39,Antideslizante | Fácil de limpiar | Duradero
29,Alimento para gatos,Royal Canin,29.37,Fórmula específica para razas | Salud digestiva | Pelo brillante
30,Collar para perros,Coastal,11.74,Ajustable | Cierre de seguridad | Diseño atractivo
31,Arnés para perros,Rabbitgoo,23.49,Ajustable | Cómodo | Control de tirones
32,Alimento para perros,Pedigree,22.92,Ingredientes naturales | Sin granos | Salud óptima
33,Juguete para gatos,Temperament Pet,8.22,Rellenable con catnip | Estimula el instinto de caza
34,Bebedero para mascotas,Gravity Waterer,15.26,Capacidad de 1 galón | Mantiene el agua fresca
35,Peine para perros,Safari,11.74,Elimina nudos y pelo suelto | Ideal para perros de pelo largo
36,Juguete para perros,Outward Hound,14.09,Texturas variadas | Estimula el juego activo
37,Cepillo para gatos,Hertzko,9.39,Suave y seguro | Elimina el pelo muerto | Promueve un pelaje saludable
38,Arena para gatos,Wellness,17.61,Ecológica | Sin polvo | Control de olores eficiente
39,Ropa para perros,Pet Life,23.49,Diseño moderno | Cómoda y ajustable | Ideal para climas fríos
40,Alimento para peces,Tetra,7.04,Variedad de sabores | Alta calidad nutricional | Para peces tropicales
41,Transportadora para perros,AmazonBasics,29.37,Aprobada por aerolíneas | Puerta con cierre seguro | Ventilación adecuada
42,Juguete para gatos,Bergan Turbo Scratcher,17.61,Incluye bola y rascador | Estimula el juego y el rascado
43,Cepillo para perros,Pedigree,21.14,Remueve el pelo suelto | Fácil de limpiar | Para pelo corto o largo
44,Juguete para perros,Nylabone Dura,11.74,Resistente a la masticación | Promueve la salud dental | Diversión duradera
45,Alimento para perros,Merrick,28.19,Ingredientes de calidad | Sin granos | Promueve una digestión saludable
46,Correa para perros,Max and Neo,19.97,Reflectante | Mango acolchado | Resistente y duradera
47,Cama para gatos,Frisco,27.01,Material suave y cálido | Diseño compacto | Ideal para espacios pequeños
48,Juguete para perros,West Paw Design,16.44,Resistente | Libre de BPA | Ideal para juegos de buscar
49,Arenero para gatos,Petmate,19.97,Fácil acceso | Borde alto | Fácil de limpiar
50,Alimento para perros,Wellness CORE,35.24,Alta proteína | Ingredientes naturales | Sin granos | Salud digestiva

